[
  {
    "id": "/subscriptions/2bf01089-73d5-4c41-8207-2cca849e6e04/resourceGroups/Dio/providers/Microsoft.Resources/deployments/CreateVm-MicrosoftWindowsServer.WindowsServer-202-20250903003940/operations/1927302A1217A2A9",
    "operationId": "1927302A1217A2A9",
    "properties": {
      "provisioningOperation": "Create",
      "provisioningState": "Succeeded",
      "timestamp": "2025-09-03T03:40:36.8438663Z",
      "duration": "PT1M19.4423332S",
      "trackingId": "9ceb3cb2-d14d-4aea-bb86-39e6c4e62418",
      "statusCode": "OK",
      "targetResource": {
        "id": "/subscriptions/2bf01089-73d5-4c41-8207-2cca849e6e04/resourceGroups/Dio/providers/Microsoft.Compute/virtualMachines/DioVM",
        "resourceType": "Microsoft.Compute/virtualMachines",
        "resourceName": "DioVM"
      }
    }
  },
  {
    "id": "/subscriptions/2bf01089-73d5-4c41-8207-2cca849e6e04/resourceGroups/Dio/providers/Microsoft.Resources/deployments/CreateVm-MicrosoftWindowsServer.WindowsServer-202-20250903003940/operations/B1A588CFCD545AB1",
    "operationId": "B1A588CFCD545AB1",
    "properties": {
      "provisioningOperation": "Create",
      "provisioningState": "Succeeded",
      "timestamp": "2025-09-03T03:40:36.8438663Z",
      "duration": "PT7.4267492S",
      "trackingId": "3630a734-b4d1-4ed5-89f3-325fa0834a36",
      "statusCode": "OK",
      "targetResource": {
        "id": "/subscriptions/2bf01089-73d5-4c41-8207-2cca849e6e04/resourceGroups/Dio/providers/Microsoft.Network/networkInterfaces/diovm369",
        "resourceType": "Microsoft.Network/networkInterfaces",
        "resourceName": "diovm369"
      }
    }
  },
  {
    "id": "/subscriptions/2bf01089-73d5-4c41-8207-2cca849e6e04/resourceGroups/Dio/providers/Microsoft.Resources/deployments/CreateVm-MicrosoftWindowsServer.WindowsServer-202-20250903003940/operations/CA31B8D65D0DB715",
    "operationId": "CA31B8D65D0DB715",
    "properties": {
      "provisioningOperation": "Create",
      "provisioningState": "Succeeded",
      "timestamp": "2025-09-03T03:40:24.2115068Z",
      "duration": "PT9.9764081S",
      "trackingId": "1e5adad0-2efc-4e5e-8552-5273014c61c8",
      "statusCode": "Created",
      "targetResource": {
        "id": "/subscriptions/2bf01089-73d5-4c41-8207-2cca849e6e04/resourceGroups/Dio/providers/Microsoft.Network/loadBalancers/Dioteste",
        "resourceType": "Microsoft.Network/loadBalancers",
        "resourceName": "Dioteste"
      }
    }
  },
  {
    "id": "/subscriptions/2bf01089-73d5-4c41-8207-2cca849e6e04/resourceGroups/Dio/providers/Microsoft.Resources/deployments/CreateVm-MicrosoftWindowsServer.WindowsServer-202-20250903003940/operations/C9203C93625D6EC6",
    "operationId": "C9203C93625D6EC6",
    "properties": {
      "provisioningOperation": "Create",
      "provisioningState": "Succeeded",
      "timestamp": "2025-09-03T03:40:24.2115068Z",
      "duration": "PT12.1721365S",
      "trackingId": "aa18d5fe-921a-4f68-80fb-816e9291705a",
      "statusCode": "OK",
      "targetResource": {
        "id": "/subscriptions/2bf01089-73d5-4c41-8207-2cca849e6e04/resourceGroups/Dio/providers/Microsoft.Network/virtualNetworks/DioVM-vnet",
        "resourceType": "Microsoft.Network/virtualNetworks",
        "resourceName": "DioVM-vnet"
      }
    }
  },
  {
    "id": "/subscriptions/2bf01089-73d5-4c41-8207-2cca849e6e04/resourceGroups/Dio/providers/Microsoft.Resources/deployments/CreateVm-MicrosoftWindowsServer.WindowsServer-202-20250903003940/operations/400FA5F9C25D02AC",
    "operationId": "400FA5F9C25D02AC",
    "properties": {
      "provisioningOperation": "Create",
      "provisioningState": "Succeeded",
      "timestamp": "2025-09-03T03:40:24.2115068Z",
      "duration": "PT7.8883781S",
      "trackingId": "db94c131-9a30-4897-8ca4-3fafee8c7f07",
      "statusCode": "OK",
      "targetResource": {
        "id": "/subscriptions/2bf01089-73d5-4c41-8207-2cca849e6e04/resourceGroups/Dio/providers/Microsoft.Network/networkSecurityGroups/DioVM-nsg",
        "resourceType": "Microsoft.Network/networkSecurityGroups",
        "resourceName": "DioVM-nsg"
      }
    }
  },
  {
    "id": "/subscriptions/2bf01089-73d5-4c41-8207-2cca849e6e04/resourceGroups/Dio/providers/Microsoft.Resources/deployments/CreateVm-MicrosoftWindowsServer.WindowsServer-202-20250903003940/operations/A5DFD77C33081F72",
    "operationId": "A5DFD77C33081F72",
    "properties": {
      "provisioningOperation": "Create",
      "provisioningState": "Succeeded",
      "timestamp": "2025-09-03T03:40:24.2115068Z",
      "duration": "PT8.6012995S",
      "trackingId": "6170f34d-0518-4a21-9198-14c21f5745bc",
      "statusCode": "OK",
      "targetResource": {
        "id": "/subscriptions/2bf01089-73d5-4c41-8207-2cca849e6e04/resourceGroups/Dio/providers/Microsoft.Network/publicIpAddresses/Dioteste-publicip",
        "resourceType": "Microsoft.Network/publicIpAddresses",
        "resourceName": "Dioteste-publicip"
      }
    }
  },
  {
    "id": "/subscriptions/2bf01089-73d5-4c41-8207-2cca849e6e04/resourceGroups/Dio/providers/Microsoft.Resources/deployments/CreateVm-MicrosoftWindowsServer.WindowsServer-202-20250903003940/operations/191BF8FE1F1AEEC2",
    "operationId": "191BF8FE1F1AEEC2",
    "properties": {
      "provisioningOperation": "Create",
      "provisioningState": "Succeeded",
      "timestamp": "2025-09-03T03:40:24.2115068Z",
      "duration": "PT7.9252409S",
      "trackingId": "85f90492-7fdf-402e-9613-b9a93eaa13ed",
      "statusCode": "OK",
      "targetResource": {
        "id": "/subscriptions/2bf01089-73d5-4c41-8207-2cca849e6e04/resourceGroups/Dio/providers/Microsoft.Network/publicIpAddresses/DioVM-ip",
        "resourceType": "Microsoft.Network/publicIpAddresses",
        "resourceName": "DioVM-ip"
      }
    }
  },
  {
    "id": "/subscriptions/2bf01089-73d5-4c41-8207-2cca849e6e04/resourceGroups/Dio/providers/Microsoft.Resources/deployments/CreateVm-MicrosoftWindowsServer.WindowsServer-202-20250903003940/operations/08584447360636886770",
    "operationId": "08584447360636886770",
    "properties": {
      "provisioningOperation": "EvaluateDeploymentOutput",
      "provisioningState": "Succeeded",
      "timestamp": "2025-09-03T03:40:36.8438663Z",
      "duration": "PT1M20.4111726S",
      "trackingId": "67193ab2-7d3e-4c38-82ab-a4b44d1b3aa3",
      "statusCode": "OK"
    }
  }
]