{
  "id": "/subscriptions/2bf01089-73d5-4c41-8207-2cca849e6e04/resourceGroups/Dio/providers/Microsoft.Resources/deployments/CreateVm-MicrosoftWindowsServer.WindowsServer-202-20250903003940",
  "name": "CreateVm-MicrosoftWindowsServer.WindowsServer-202-20250903003940",
  "type": "Microsoft.Resources/deployments",
  "tags": {
    "primaryResourceId": "/subscriptions/2bf01089-73d5-4c41-8207-2cca849e6e04/resourcegroups/Dio/providers/Microsoft.Compute/virtualMachines/DioVM",
    "marketplaceItemId": "Microsoft.VirtualMachine",
    "provisioningHash": "SolutionProvider"
  },
  "properties": {
    "templateHash": "11511469892668498368",
    "parameters": {
      "location": {
        "type": "String",
        "value": "northcentralus"
      },
      "networkInterfaceName": {
        "type": "String",
        "value": "diovm369"
      },
      "enableAcceleratedNetworking": {
        "type": "Bool",
        "value": true
      },
      "networkSecurityGroupName": {
        "type": "String",
        "value": "DioVM-nsg"
      },
      "networkSecurityGroupRules": {
        "type": "Array",
        "value": [
          {
            "name": "RDP",
            "properties": {
              "priority": 300,
              "protocol": "TCP",
              "access": "Allow",
              "direction": "Inbound",
              "sourceAddressPrefix": "*",
              "sourcePortRange": "*",
              "destinationAddressPrefix": "*",
              "destinationPortRange": "3389"
            }
          },
          {
            "name": "HTTP",
            "properties": {
              "priority": 320,
              "protocol": "TCP",
              "access": "Allow",
              "direction": "Inbound",
              "sourceAddressPrefix": "*",
              "sourcePortRange": "*",
              "destinationAddressPrefix": "*",
              "destinationPortRange": "80"
            }
          }
        ]
      },
      "subnetName": {
        "type": "String",
        "value": "default"
      },
      "virtualNetworkName": {
        "type": "String",
        "value": "DioVM-vnet"
      },
      "addressPrefixes": {
        "type": "Array",
        "value": [
          "10.0.0.0/16"
        ]
      },
      "subnets": {
        "type": "Array",
        "value": [
          {
            "name": "default",
            "properties": {
              "addressPrefix": "10.0.0.0/24"
            }
          }
        ]
      },
      "publicIpAddressName": {
        "type": "String",
        "value": "DioVM-ip"
      },
      "publicIpAddressType": {
        "type": "String",
        "value": "Static"
      },
      "publicIpAddressSku": {
        "type": "String",
        "value": "Standard"
      },
      "pipDeleteOption": {
        "type": "String",
        "value": "Detach"
      },
      "virtualMachineName": {
        "type": "String",
        "value": "DioVM"
      },
      "virtualMachineComputerName": {
        "type": "String",
        "value": "DioVM"
      },
      "virtualMachineRG": {
        "type": "String",
        "value": "Dio"
      },
      "osDiskType": {
        "type": "String",
        "value": "Premium_LRS"
      },
      "osDiskDeleteOption": {
        "type": "String",
        "value": "Delete"
      },
      "virtualMachineSize": {
        "type": "String",
        "value": "Standard_D2s_v3"
      },
      "nicDeleteOption": {
        "type": "String",
        "value": "Detach"
      },
      "hibernationEnabled": {
        "type": "Bool",
        "value": false
      },
      "adminUsername": {
        "type": "String",
        "value": "eltoncosta"
      },
      "adminPassword": {
        "type": "SecureString"
      },
      "patchMode": {
        "type": "String",
        "value": "AutomaticByPlatform"
      },
      "enablePeriodicAssessment": {
        "type": "String",
        "value": "ImageDefault"
      },
      "enableHotpatching": {
        "type": "Bool",
        "value": true
      },
      "rebootSetting": {
        "type": "String",
        "value": "IfRequired"
      },
      "securityType": {
        "type": "String",
        "value": "TrustedLaunch"
      },
      "secureBoot": {
        "type": "Bool",
        "value": true
      },
      "vTPM": {
        "type": "Bool",
        "value": true
      },
      "loadBalancerName": {
        "type": "String",
        "value": "Dioteste"
      },
      "loadbalancingRuleFrontEndPort": {
        "type": "Int",
        "value": 80
      },
      "loadbalancingRuleBackendEndPort": {
        "type": "Int",
        "value": 80
      },
      "loadbalancingRuleProtocol": {
        "type": "String",
        "value": "Tcp"
      }
    },
    "mode": "Incremental",
    "debugSetting": {
      "detailLevel": "None"
    },
    "provisioningState": "Succeeded",
    "timestamp": "2025-09-03T03:41:57.6769158Z",
    "duration": "PT1M35.893878S",
    "correlationId": "cf947d3e-55ff-4f95-b3c4-3a93a9c88b51",
    "providers": [
      {
        "namespace": "Microsoft.Network",
        "resourceTypes": [
          {
            "resourceType": "networkInterfaces",
            "locations": [
              "northcentralus"
            ]
          },
          {
            "resourceType": "networkSecurityGroups",
            "locations": [
              "northcentralus"
            ]
          },
          {
            "resourceType": "virtualNetworks",
            "locations": [
              "northcentralus"
            ]
          },
          {
            "resourceType": "publicIpAddresses",
            "locations": [
              "northcentralus"
            ]
          },
          {
            "resourceType": "loadBalancers",
            "locations": [
              "northcentralus"
            ]
          }
        ]
      },
      {
        "namespace": "Microsoft.Compute",
        "resourceTypes": [
          {
            "resourceType": "virtualMachines",
            "locations": [
              "northcentralus"
            ]
          }
        ]
      }
    ],
    "dependencies": [
      {
        "dependsOn": [
          {
            "id": "/subscriptions/2bf01089-73d5-4c41-8207-2cca849e6e04/resourceGroups/Dio/providers/Microsoft.Network/networkSecurityGroups/DioVM-nsg",
            "resourceType": "Microsoft.Network/networkSecurityGroups",
            "resourceName": "DioVM-nsg"
          },
          {
            "id": "/subscriptions/2bf01089-73d5-4c41-8207-2cca849e6e04/resourceGroups/Dio/providers/Microsoft.Network/virtualNetworks/DioVM-vnet",
            "resourceType": "Microsoft.Network/virtualNetworks",
            "resourceName": "DioVM-vnet"
          },
          {
            "id": "/subscriptions/2bf01089-73d5-4c41-8207-2cca849e6e04/resourceGroups/Dio/providers/Microsoft.Network/publicIpAddresses/DioVM-ip",
            "resourceType": "Microsoft.Network/publicIpAddresses",
            "resourceName": "DioVM-ip"
          },
          {
            "id": "/subscriptions/2bf01089-73d5-4c41-8207-2cca849e6e04/resourceGroups/Dio/providers/Microsoft.Network/loadBalancers/Dioteste",
            "resourceType": "Microsoft.Network/loadBalancers",
            "resourceName": "Dioteste"
          }
        ],
        "id": "/subscriptions/2bf01089-73d5-4c41-8207-2cca849e6e04/resourceGroups/Dio/providers/Microsoft.Network/networkInterfaces/diovm369",
        "resourceType": "Microsoft.Network/networkInterfaces",
        "resourceName": "diovm369"
      },
      {
        "dependsOn": [
          {
            "id": "/subscriptions/2bf01089-73d5-4c41-8207-2cca849e6e04/resourceGroups/Dio/providers/Microsoft.Network/networkInterfaces/diovm369",
            "resourceType": "Microsoft.Network/networkInterfaces",
            "resourceName": "diovm369"
          }
        ],
        "id": "/subscriptions/2bf01089-73d5-4c41-8207-2cca849e6e04/resourceGroups/Dio/providers/Microsoft.Compute/virtualMachines/DioVM",
        "resourceType": "Microsoft.Compute/virtualMachines",
        "resourceName": "DioVM"
      },
      {
        "dependsOn": [
          {
            "id": "/subscriptions/2bf01089-73d5-4c41-8207-2cca849e6e04/resourceGroups/Dio/providers/Microsoft.Network/publicIpAddresses/Dioteste-publicip",
            "resourceType": "Microsoft.Network/publicIpAddresses",
            "resourceName": "Dioteste-publicip"
          }
        ],
        "id": "/subscriptions/2bf01089-73d5-4c41-8207-2cca849e6e04/resourceGroups/Dio/providers/Microsoft.Network/loadBalancers/Dioteste",
        "resourceType": "Microsoft.Network/loadBalancers",
        "resourceName": "Dioteste"
      }
    ],
    "outputs": {
      "adminUsername": {
        "type": "String",
        "value": "eltoncosta"
      }
    },
    "outputResources": [
      {
        "id": "/subscriptions/2bf01089-73d5-4c41-8207-2cca849e6e04/resourceGroups/Dio/providers/Microsoft.Compute/virtualMachines/DioVM"
      },
      {
        "id": "/subscriptions/2bf01089-73d5-4c41-8207-2cca849e6e04/resourceGroups/Dio/providers/Microsoft.Network/loadBalancers/Dioteste"
      },
      {
        "id": "/subscriptions/2bf01089-73d5-4c41-8207-2cca849e6e04/resourceGroups/Dio/providers/Microsoft.Network/networkInterfaces/diovm369"
      },
      {
        "id": "/subscriptions/2bf01089-73d5-4c41-8207-2cca849e6e04/resourceGroups/Dio/providers/Microsoft.Network/networkSecurityGroups/DioVM-nsg"
      },
      {
        "id": "/subscriptions/2bf01089-73d5-4c41-8207-2cca849e6e04/resourceGroups/Dio/providers/Microsoft.Network/publicIpAddresses/Dioteste-publicip"
      },
      {
        "id": "/subscriptions/2bf01089-73d5-4c41-8207-2cca849e6e04/resourceGroups/Dio/providers/Microsoft.Network/publicIpAddresses/DioVM-ip"
      },
      {
        "id": "/subscriptions/2bf01089-73d5-4c41-8207-2cca849e6e04/resourceGroups/Dio/providers/Microsoft.Network/virtualNetworks/DioVM-vnet"
      }
    ],
    "validationLevel": "Template"
  }
}